{"files":{"logo_nautico_v3-d9a88e85f5e9b80538bf84d789b3e4c1.jpg":{"logical_path":"logo_nautico_v3.jpg","mtime":"2015-05-04T19:02:02+02:00","size":33973,"digest":"d9a88e85f5e9b80538bf84d789b3e4c1"},"missing_medium-4a8575a450f8b72624a24e954b53c66f.png":{"logical_path":"missing_medium.png","mtime":"2015-04-27T17:07:31+02:00","size":11344,"digest":"4a8575a450f8b72624a24e954b53c66f"},"application-c3b3cb279e767d1945e54767323b2210.js":{"logical_path":"application.js","mtime":"2015-04-22T18:55:15+02:00","size":325804,"digest":"c3b3cb279e767d1945e54767323b2210"},"application-3543728a5c18eb38abee0e084c56f5fb.css":{"logical_path":"application.css","mtime":"2015-05-03T23:40:23+02:00","size":4001,"digest":"3543728a5c18eb38abee0e084c56f5fb"}},"assets":{"logo_nautico_v3.jpg":"logo_nautico_v3-d9a88e85f5e9b80538bf84d789b3e4c1.jpg","missing_medium.png":"missing_medium-4a8575a450f8b72624a24e954b53c66f.png","application.js":"application-c3b3cb279e767d1945e54767323b2210.js","application.css":"application-3543728a5c18eb38abee0e084c56f5fb.css"}}